{
  "criteria": {
    "eat": {
      "trigger": "minecraft:consume_item",
      "conditions": {
        "player": [
          {
            "condition": "minecraft:entity_properties",
            "entity": "this",
            "predicate": {
              "type": "minecraft:player"
            }
          }
        ],
        "item": {
          "item": "minecraft:pumpkin_pie",
          "nbt": "{id:\"pie\",flavor:\"berry\"}"
        }
      }
    }
  },
  "requirements": [
    [
      "eat"
    ]
  ],
  "rewards": {
    "function": "mystanic:advancement_functions/foodstuffs/effects/berry_pie"
  }
}
