{
  "criteria": {
    "eat": {
      "trigger": "minecraft:consume_item",
      "conditions": {
        "player": [
          {
            "condition": "minecraft:entity_properties",
            "entity": "this",
            "predicate": {
              "type": "minecraft:player"
            }
          }
        ],
        "item": {
          "nbt": "{flavor:\"banana\"}"
        }
      }
    }
  },
  "requirements": [
    [
      "eat"
    ]
  ],
  "rewards": {
    "function": "mystanic:advancement_functions/foodstuffs/flavor/banana_flavor"
  }
}
