{
  "display": {
    "icon": {
      "item": "minecraft:player_head",
      "nbt": "{SkullOwner:{Id:[I;-1138972544,1304775959,-1677393286,2100926899],Properties:{textures:[{Value:\"eyJ0ZXh0dXJlcyI6eyJTS0lOIjp7InVybCI6Imh0dHA6Ly90ZXh0dXJlcy5taW5lY3JhZnQubmV0L3RleHR1cmUvOTQ3MzIyZjgzMWUzYzE2OGNmYmQzZTI4ZmU5MjUxNDRiMjYxZTc5ZWIzOWM3NzEzNDlmYWM1NWE4MTI2NDczIn19fQ==\"}]}}}"
    },
    "title": "Abeemination!",
    "description": "Defeat the Bee Keeper.",
    "show_toast": true,
    "announce_to_chat": true,
    "hidden": false
  },
  "parent": "mystanic:adventure/bee_keeper/bee_warn",
  "criteria": {
    "requirement": {
      "trigger": "minecraft:player_killed_entity",
      "conditions": {
        "entity": {
          "type": "minecraft:skeleton",
          "nbt": "{Tags:[\"bee_keeper\"]}"
        }
      }
    }
  },
  "rewards": {
      "function": "mystanic:advancement_functions/adventure/bee_keeper/kill_bee_keeper"
  }
}
