{
  "pools": [
    {
      "rolls": {
        "min": 20,
        "max": 50
      },
      "bonus_rolls": {
        "min": 0,
        "max": 5
      },
      "entries": [
        {
          "type": "minecraft:item",
          "name": "minecraft:stone",
          "functions": [
            {
              "function": "minecraft:set_count",
              "count": 0
            }
          ]
        }
      ],
      "functions": [
        {
          "function": "minecraft:looting_enchant",
          "count": {
            "min": 0,
            "max": 5
          }
        }
      ]
    }
  ]
}
