{
    "criteria": {
      "kill_skeleton": {
        "trigger": "minecraft:player_killed_entity",
        "conditions": {
          "entity": [
            {
              "condition": "minecraft:alternative",
              "terms": [
                {
                    "condition": "minecraft:entity_properties",
                    "entity": "this",
                    "predicate": {
                      "type": "minecraft:skeleton"
                    }
                  },
                {
                    "condition": "minecraft:entity_properties",
                    "entity": "this",
                    "predicate": {
                      "type": "minecraft:skeleton_horse"
                    }
                  },
                {
                    "condition": "minecraft:entity_properties",
                    "entity": "this",
                    "predicate": {
                      "type": "minecraft:stray"
                    }
                  },
                {
                  "condition": "minecraft:entity_properties",
                  "entity": "this",
                  "predicate": {
                    "type": "minecraft:wither_skeleton"
                  }
                }
              ]
            }
          ]
        }
      }
    },
    "requirements": [
      [
        "kill_skeleton"
      ]
    ],
    "rewards": {
      "function": "mystanic:combat/coins/kill_skeleton"
    }
  }