{
    "criteria": {
      "kill_phantom": {
        "trigger": "minecraft:player_killed_entity",
        "conditions": {
          "entity": [
            {
              "condition": "minecraft:entity_properties",
              "entity": "this",
              "predicate": {
                "type": "minecraft:phantom"
              }
            }
          ]
        }
      }
    },
    "requirements": [
      [
        "kill_phantom"
      ]
    ],
    "rewards": {
      "function": "mystanic:combat/coins/kill_phantom"
    }
  }