{
    "criteria": {
      "kill_illager": {
        "trigger": "minecraft:player_killed_entity",
        "conditions": {
          "entity": [
            {
              "condition": "minecraft:alternative",
              "terms": [
                {
                  "condition": "minecraft:entity_properties",
                  "entity": "this",
                  "predicate": {
                    "type": "minecraft:witch"
                  }
                },
                {
                    "condition": "minecraft:entity_properties",
                    "entity": "this",
                    "predicate": {
                      "type": "minecraft:evoker"
                    }
                  },
                {
                    "condition": "minecraft:entity_properties",
                    "entity": "this",
                    "predicate": {
                      "type": "minecraft:illusioner"
                    }
                  },
                {
                    "condition": "minecraft:entity_properties",
                    "entity": "this",
                    "predicate": {
                      "type": "minecraft:pillager"
                    }
                  },
                {
                  "condition": "minecraft:entity_properties",
                  "entity": "this",
                  "predicate": {
                    "type": "minecraft:vindicator"
                  }
                }
              ]
            }
          ]
        }
      }
    },
    "requirements": [
      [
        "kill_illager"
      ]
    ],
    "rewards": {
      "function": "mystanic:combat/coins/kill_illager"
    }
  }