{
    "criteria": {
      "kill_zombie": {
        "trigger": "minecraft:player_killed_entity",
        "conditions": {
          "entity": [
            {
              "condition": "minecraft:alternative",
              "terms": [
                {
                    "condition": "minecraft:entity_properties",
                    "entity": "this",
                    "predicate": {
                      "type": "minecraft:drowned"
                    }
                  },
                {
                    "condition": "minecraft:entity_properties",
                    "entity": "this",
                    "predicate": {
                      "type": "minecraft:husk"
                    }
                  },
                {
                    "condition": "minecraft:entity_properties",
                    "entity": "this",
                    "predicate": {
                      "type": "minecraft:zombie_horse"
                    }
                  },
                {
                  "condition": "minecraft:entity_properties",
                  "entity": "this",
                  "predicate": {
                    "type": "minecraft:zombie_villager"
                  }
                },
                {
                  "condition": "minecraft:entity_properties",
                  "entity": "this",
                  "predicate": {
                    "type": "minecraft:zombie"
                  }
                }
              ]
            }
          ]
        }
      }
    },
    "requirements": [
      [
        "kill_zombie"
      ]
    ],
    "rewards": {
      "function": "mystanic:combat/coins/kill_zombie"
    }
  }