{
    "criteria": {
      "kill_arthropod": {
        "trigger": "minecraft:player_killed_entity",
        "conditions": {
          "entity": [
            {
              "condition": "minecraft:alternative",
              "terms": [
                {
                    "condition": "minecraft:entity_properties",
                    "entity": "this",
                    "predicate": {
                      "type": "minecraft:bee"
                    }
                  },
                {
                    "condition": "minecraft:entity_properties",
                    "entity": "this",
                    "predicate": {
                      "type": "minecraft:cave_spider"
                    }
                  },
                {
                    "condition": "minecraft:entity_properties",
                    "entity": "this",
                    "predicate": {
                      "type": "minecraft:spider"
                    }
                  },
                {
                  "condition": "minecraft:entity_properties",
                  "entity": "this",
                  "predicate": {
                    "type": "minecraft:endermite"
                  }
                },
                {
                  "condition": "minecraft:entity_properties",
                  "entity": "this",
                  "predicate": {
                    "type": "minecraft:silverfish"
                  }
                }
              ]
            }
          ]
        }
      }
    },
    "requirements": [
      [
        "kill_arthropod"
      ]
    ],
    "rewards": {
      "function": "mystanic:combat/coins/kill_arthropod"
    }
  }